order_id,customer_name,product,region,quantity,unit_price,date
1,Alice,Laptop,North,2,800,2025-01-05
2,Bob,Mouse,South,5,25,2025-01-06
3,Charlie,Keyboard,North,3,60,2025-01-07
4,Diana,Monitor,East,1,300,2025-01-09
5,Edward,Laptop,West,1,800,2025-01-11
6,Fatima,Mouse,East,4,25,2025-01-12
7,George,Keyboard,South,2,60,
8,Hannah,Monitor,North,,300,2025-01-15
9,Ivan,Laptop,West,3,800,2025-01-18
10,Julia,Mouse,North,6,25,2025-01-19
11,,Keyboard,East,4,60,2025-01-20
12,Laura,Monitor,South,1,300,2025-01-23
